Municipio;Qtd-Doses-Distribuidas
ZACARIAS;1050
VOTUPORANGA;42511
VOTORANTIM;35831
VITÓRIA BRASIL;778
VISTA ALEGRE DO ALTO;2229
VIRADOURO;6229
VINHEDO;26387
VERA CRUZ;4517
VÁRZEA PAULISTA;30270
VARGEM GRANDE PAULISTA;14904
VARGEM GRANDE DO SUL;14992
VARGEM;4007
VALPARAÍSO;8338
VALINHOS;43805
VALENTIM GENTIL;3983
URUPÊS;5622
URU;606
URÂNIA;4256
UNIÃO PAULISTA;600
UCHOA;4161
UBIRAJARA;1730
UBATUBA;28173
UBARANA;1626
TURMALINA;1092
TURIÚBA;978
TUPI PAULISTA;7269
TUPÃ;32218
TUIUTI;2667
TRÊS FRONTEIRAS;2586
TREMEMBÉ;16073
TRABIJU;654
TORRINHA;4073
TORRE DE PEDRA;1065
TIMBURI;1216
TIETÊ;14163
TERRA ROXA;3249
TEODORO SAMPAIO;6672
TEJUPÁ;1398
TAUBATÉ;111547
TATUÍ;41938
TARUMÃ;4101
TARABAI;2211
TAQUARIVAÍ;1477
TAQUARITUBA;8278
TAQUARITINGA;22421
TAQUARAL;1104
TAPIRATIBA;4959
TAPIRAÍ;2619
TANABI;10649
TAMBAÚ;8578
TAIÚVA;2614
TAIAÇU;2474
TAGUAÍ;3511
TACIBA;2104
TABOÃO DA SERRA;84255
TABATINGA;4903
TABAPUÃ;4743
SUZANO;80627
SUZANÁPOLIS;2278
SUMARÉ;73443
SUD MENNUCCI;2878
SOROCABA;225315
SOCORRO;17184
SILVEIRAS;2216
SEVERÍNIA;4669
SETE BARRAS;4331
SERTÃOZINHO;39235
SERRANA;9683
SERRA NEGRA;12579
SERRA AZUL;3561
SEBASTIANÓPOLIS DO SUL;1371
SARUTAIÁ;1381
SARAPUÍ;2998
SÃO VICENTE;115901
SÃO SIMÃO;6045
SÃO SEBASTIÃO DA GRAMA;4525
SÃO SEBASTIÃO;22730
SÃO ROQUE;33160
SÃO PEDRO DO TURVO;2709
SÃO PEDRO;13851
SÃO PAULO;4310859
SÃO MIGUEL ARCANJO;10311
SÃO MANUEL;13653
SÃO LUIZ DO PARAITINGA;3956
SÃO LOURENÇO DA SERRA;4634
SÃO JOSÉ DOS CAMPOS;264664
SÃO JOSÉ DO RIO PRETO;191794
SÃO JOSÉ DO RIO PARDO;24514
SÃO JOSÉ DO BARREIRO;1548
SÃO JOSÉ DA BELA VISTA;2493
SÃO JOAQUIM DA BARRA;18849
SÃO JOÃO DO PAU D'ALHO;1165
SÃO JOÃO DE IRACEMA;854
SÃO JOÃO DAS DUAS PONTES;986
SÃO JOÃO DA BOA VISTA;40905
SÃO FRANCISCO;1348
SÃO CARLOS;94870
SÃO CAETANO DO SUL;93204
SÃO BERNARDO DO CAMPO;278280
SÃO BENTO DO SAPUCAÍ;4458
SANTOS;237178
SANTÓPOLIS DO AGUAPEÍ;1506
SANTO EXPEDITO;1362
SANTO ANTÔNIO DO PINHAL;2385
SANTO ANTÔNIO DO JARDIM;2379
SANTO ANTÔNIO DO ARACANGUÁ;2721
SANTO ANTÔNIO DE POSSE;6777
SANTO ANTÔNIO DA ALEGRIA;2907
SANTO ANDRÉ;283300
SANTO ANASTÁCIO;8479
SANTANA DE PARNAÍBA;39194
SANTANA DA PONTE PENSA;863
SANTA SALETE;840
SANTA ROSA DE VITERBO;9780
SANTA RITA DO PASSA QUATRO;13168
SANTA RITA D'OESTE;1262
SANTA MERCEDES;1090
SANTA MARIA DA SERRA;1887
SANTA LÚCIA;2294
SANTA ISABEL;17068
SANTA GERTRUDES;5868
SANTA FÉ DO SUL;16532
SANTA ERNESTINA;1565
SANTA CRUZ DO RIO PARDO;18493
SANTA CRUZ DAS PALMEIRAS;9815
SANTA CRUZ DA ESPERANÇA;885
SANTA CRUZ DA CONCEIÇÃO;1931
SANTA CLARA D'OESTE;906
SANTA BRANCA;5398
SANTA BÁRBARA D'OESTE;63095
SANTA ALBERTINA;2635
SANTA ADÉLIA;5674
SANDOVALINA;1351
SALTO GRANDE;3360
SALTO DE PIRAPORA;14830
SALTO;37714
SALTINHO;2944
SALMOURÃO;1787
SALESÓPOLIS;5199
SALES OLIVEIRA;4543
SALES;2505
SAGRES;1037
SABINO;2504
RUBINÉIA;1542
RUBIÁCEA;980
ROSEIRA;3320
ROSANA;7128
RIVERSUL;2199
RIOLÂNDIA;3143
RIO GRANDE DA SERRA;12404
RIO DAS PEDRAS;8745
RIO CLARO;76619
RINÓPOLIS;4043
RINCÃO;3637
RIFAINA;1486
RIBEIRÃO PRETO;259593
RIBEIRÃO PIRES;44036
RIBEIRÃO GRANDE;2412
RIBEIRÃO DOS ÍNDIOS;1191
RIBEIRÃO DO SUL;1906
RIBEIRÃO CORRENTE;1307
RIBEIRÃO BRANCO;4519
RIBEIRÃO BONITO;3961
RIBEIRA;1344
RESTINGA;1990
REGISTRO;24874
REGINÓPOLIS;2274
REGENTE FEIJÓ;7051
REDENÇÃO DA SERRA;1441
RANCHARIA;11283
RAFARD;2936
QUINTANA;2461
QUELUZ;3601
QUEIROZ;1004
QUATÁ;4474
QUADRA;1175
PROMISSÃO;13885
PRESIDENTE VENCESLAU;16714
PRESIDENTE PRUDENTE;98333
PRESIDENTE EPITÁCIO;14383
PRESIDENTE BERNARDES;6891
PRESIDENTE ALVES;1753
PRATÂNIA;1361
PRAIA GRANDE;108876
PRADÓPOLIS;5290
PRACINHA;642
POTIRENDABA;6572
POTIM;5387
PORTO FERREIRA;18808
PORTO FELIZ;17053
PORANGABA;3990
POPULINA;1965
PONTES GESTAL;1016
PONTALINDA;1327
PONTAL;9461
PONGAÍ;1619
POMPÉIA;8741
POLONI;2350
POÁ;33627
PLATINA;1205
PLANALTO;1478
PITANGUEIRAS;10291
PIRATININGA;6032
PIRASSUNUNGA;29729
PIRAPOZINHO;9344
PIRAPORA DO BOM JESUS;4509
PIRANGI;4461
PIRAJUÍ;9664
PIRAJU;11836
PIRACICABA;148229
PIRACAIA;9553
PIQUETE;5599
PIQUEROBI;1661
PINHALZINHO;5795
PINDORAMA;6620
PINDAMONHANGABA;52649
PILAR DO SUL;9350
PIEDADE;17921
PIACATU;2136
PERUÍBE;26671
PEREIRAS;2620
PEREIRA BARRETO;9751
PENÁPOLIS;25878
PEDRO DE TOLEDO;3894
PEDRINHAS PAULISTA;1218
PEDREIRA;15857
PEDREGULHO;5516
PEDRANÓPOLIS;1244
PEDRA BELA;2222
PEDERNEIRAS;14135
PAULO DE FARIA;3412
PAULISTÂNIA;704
PAULÍNIA;28350
PAULICÉIA;2019
PATROCÍNIO PAULISTA;4837
PARISI;1060
PARIQUERA-AÇU;8677
PARDINHO;2070
PARAPUÃ;4480
PARANAPUÃ;1576
PARANAPANEMA;5962
PARAÍSO;2441
PARAIBUNA;6473
PARAGUAÇU PAULISTA;15570
PANORAMA;4888
PALMITAL;9419
PALMEIRA D'OESTE;4406
PALMARES PAULISTA;2443
PALESTINA;4633
PACAEMBU;5085
OUROESTE;3625
OURO VERDE;3525
OURINHOS;42947
OSVALDO CRUZ;14433
OSCAR BRESSANE;1469
OSASCO;212774
ORLÂNDIA;14208
ORINDIÚVA;1629
ORIENTE;2594
ONDA VERDE;1543
OLÍMPIA;20945
ÓLEO;1177
OCAUÇU;1551
NUPORANGA;2863
NOVO HORIZONTE;14728
NOVAIS;1283
NOVA ODESSA;16986
NOVA LUZITÂNIA;1267
NOVA INDEPENDÊNCIA;1098
NOVA GUATAPORANGA;1018
NOVA GRANADA;7096
NOVA EUROPA;2998
NOVA CASTILHO;506
NOVA CANAÃ PAULISTA;999
NOVA CAMPINA;2154
NOVA ALIANÇA;2649
NIPOÃ;1331
NHANDEARA;5596
NEVES PAULISTA;4360
NAZARÉ PAULISTA;6025
NATIVIDADE DA SERRA;3114
NARANDIBA;1451
NANTES;894
MURUTINGA DO SUL;2060
MOTUCA;1474
MORUNGABA;4276
MORRO AGUDO;9023
MONTEIRO LOBATO;1994
MONTE MOR;15021
MONTE CASTELO;1879
MONTE AZUL PAULISTA;7461
MONTE APRAZÍVEL;9649
MONTE ALTO;19626
MONTE ALEGRE DO SUL;3137
MONGAGUÁ;21285
MONÇÕES;1102
MOMBUCA;1213
MOGI MIRIM;35542
MOGI GUAÇU;54837
MOGI DAS CRUZES;137979
MOCOCA;27867
MIRASSOLÂNDIA;1939
MIRASSOL;22019
MIRANTE DO PARANAPANEMA;6987
MIRANDÓPOLIS;11783
MIRACATU;6532
MIRA ESTRELA;1477
MINEIROS DO TIETÊ;4190
MIGUELÓPOLIS;7172
MESÓPOLIS;886
MERIDIANO;1638
MENDONÇA;2265
MAUÁ;125011
MATÃO;29547
MARTINÓPOLIS;9237
MARINÓPOLIS;932
MARÍLIA;104426
MARIÁPOLIS;1373
MARAPOAMA;1387
MARACAÍ;4875
MARABÁ PAULISTA;1338
MANDURI;3344
MAIRIPORÃ;27484
MAIRINQUE;14477
MAGDA;1496
MACEDÔNIA;1690
MACAUBAL;3508
MACATUBA;5625
LUTÉCIA;1137
LUPÉRCIO;1607
LUIZIÂNIA;1752
LUÍS ANTÔNIO;3510
LUCIANÓPOLIS;1073
LUCÉLIA;7999
LOUVEIRA;10275
LOURDES;1057
LORENA;31699
LINS;31940
LINDÓIA;2560
LIMEIRA;100736
LENÇÓIS PAULISTA;20893
LEME;31377
LAVRINHAS;1842
LAVÍNIA;1968
LARANJAL PAULISTA;10523
LAGOINHA;2222
JUQUITIBA;9217
JUQUIÁ;7136
JUNQUEIRÓPOLIS;7876
JUNDIAÍ;157073
JUMIRIM;895
JÚLIO MESQUITA;1533
JOSÉ BONIFÁCIO;12772
JOÃO RAMALHO;1236
JOANÓPOLIS;5167
JERIQUARA;985
JAÚ;58828
JARINU;9288
JARDINÓPOLIS;14110
JANDIRA;27749
JAMBEIRO;1871
JALES;23210
JAGUARIÚNA;16774
JACUPIRANGA;5786
JACI;2527
JACAREÍ;78144
JABOTICABAL;31141
JABORANDI;2389
ITUVERAVA;17323
ITUPEVA;13224
ITU;53962
ITOBI;2744
ITIRAPUÃ;2234
ITIRAPINA;4633
ITATINGA;5236
ITATIBA;38200
ITARIRI;4955
ITARARÉ;16295
ITAQUAQUECETUBA;73928
ITAPURA;1571
ITAPUÍ;4103
ITAPORANGA;5947
ITÁPOLIS;15846
ITAPIRAPUÃ PAULISTA;1217
ITAPIRA;30534
ITAPEVI;50273
ITAPEVA;29438
ITAPETININGA;53147
ITAPECERICA DA SERRA;45882
ITAOCA;1563
ITANHAÉM;40595
ITAJU;1220
ITAJOBI;6798
ITAÍ;7320
ITABERÁ;6310
IRAPURU;2717
IRAPUÃ;2660
IRACEMÁPOLIS;7057
IPUÃ;4424
IPORANGA;2063
IPIGUÁ;1999
IPEÚNA;1913
IPERÓ;7892
IPAUSSU;4794
INÚBIA PAULISTA;1520
INDIAPORÃ;2029
INDIANA;1928
INDAIATUBA;76505
ILHABELA;9757
ILHA SOLTEIRA;11919
ILHA COMPRIDA;4813
IGUAPE;12225
IGARATÁ;3381
IGARAPAVA;9943
IGARAÇU DO TIETÊ;6910
IEPÊ;3184
ICÉM;2650
IBIÚNA;26742
IBITINGA;20045
IBIRAREMA;2621
IBIRÁ;4690
IBATÉ;8165
IARAS;2027
IACRI;2570
IACANGA;3869
HORTOLÂNDIA;60303
HOLAMBRA;4221
HERCULÂNDIA;3292
GUZOLÂNDIA;1603
GUATAPARÁ;2498
GUARULHOS;365615
GUARUJÁ;97409
GUARIBA;9997
GUAREÍ;3871
GUARATINGUETÁ;48583
GUARAREMA;9815
GUARARAPES;12242
GUARANTÃ;2166
GUARANI D'OESTE;857
GUARACI;3805
GUARAÇAÍ;3651
GUARÁ;6608
GUAPIARA;6055
GUAPIAÇU;7098
GUAÍRA;13365
GUAIMBÊ;2138
GUAIÇARA;3551
GLICÉRIO;1653
GETULINA;3951
GENERAL SALGADO;4792
GAVIÃO PEIXOTO;1375
GASTÃO VIDIGAL;1458
GARÇA;17537
GÁLIA;2979
GABRIEL MONTEIRO;1219
FRANCO DA ROCHA;39646
FRANCISCO MORATO;39447
FRANCA;115529
FLORÍNEA;1289
FLÓRIDA PAULISTA;4403
FLOREAL;1610
FLORA RICA;899
FERRAZ DE VASCONCELOS;45754
FERNÃO;748
FERNANDÓPOLIS;33306
FERNANDO PRESTES;2707
FARTURA;6169
EUCLIDES DA CUNHA PAULISTA;2899
ESTRELA DO NORTE;978
ESTRELA D'OESTE;3624
ESTIVA GERBI;3190
ESPÍRITO SANTO DO TURVO;1257
ESPÍRITO SANTO DO PINHAL;17505
ENGENHEIRO COELHO;4219
EMILIANÓPOLIS;1310
EMBU-GUAÇU;20960
EMBU DAS ARTES;60178
EMBAÚBA;1003
ELISIÁRIO;1215
ELIAS FAUSTO;4929
ELDORADO;7319
ECHAPORÃ;2802
DUMONT;2656
DUARTINA;5312
DRACENA;22056
DOURADO;3590
DOLCINÓPOLIS;1026
DOIS CÓRREGOS;8839
DOBRADA;2136
DIVINOLÂNDIA;5368
DIRCE REIS;844
DIADEMA;111218
DESCALVADO;12780
CUNHA;7976
CUBATÃO;34985
CRUZEIRO;28378
CRUZÁLIA;905
CRISTAIS PAULISTA;2798
CRAVINHOS;11330
COTIA;68084
COSMORAMA;3278
COSMÓPOLIS;16940
CORUMBATAÍ;1439
CORONEL MACEDO;1763
COROADOS;1931
CORDEIRÓPOLIS;7993
CONCHAS;6544
CONCHAL;7753
COLÔMBIA;2247
COLINA;6649
CLEMENTINA;2168
CHAVANTES;4146
CHARQUEADA;4981
CESÁRIO LANGE;5225
CERQUILHO;15025
CERQUEIRA CÉSAR;6620
CEDRAL;4367
CATIGUÁ;2465
CATANDUVA;55880
CASTILHO;7575
CÁSSIA DOS COQUEIROS;1116
CASA BRANCA;12222
CARDOSO;5143
CARAPICUÍBA;101714
CARAGUATATUBA;42033
CAPIVARI;16184
CAPELA DO ALTO;5510
CAPÃO BONITO;14437
CANITAR;1375
CÂNDIDO RODRIGUES;1315
CÂNDIDO MOTA;11341
CANAS;1294
CANANÉIA;4678
CAMPOS NOVOS PAULISTA;1673
CAMPOS DO JORDÃO;15201
CAMPO LIMPO PAULISTA;23336
CAMPINAS;464229
CAMPINA DO MONTE ALEGRE;1917
CAJURU;9440
CAJOBI;4042
CAJATI;8275
CAJAMAR;16708
CAIUÁ;2280
CAIEIRAS;26958
CAIABU;1645
CAFELÂNDIA;6915
CACONDE;7230
CACHOEIRA PAULISTA;12525
CAÇAPAVA;32387
CABREÚVA;11161
CABRÁLIA PAULISTA;1525
BURITIZAL;1778
BURITAMA;6262
BURI;5567
BROTAS;8028
BRODOWSKI;8503
BREJO ALEGRE;1109
BRAÚNA;2235
BRAGANÇA PAULISTA;64042
BOTUCATU;63329
BOREBI;883
BORBOREMA;5903
BORACÉIA;1731
BORÁ;409
BOM SUCESSO DE ITARARÉ;924
BOM JESUS DOS PERDÕES;6527
BOITUVA;16234
BOFETE;4011
BOCAINA;3708
BOA ESPERANÇA DO SUL;4067
BIRITIBA MIRIM;8787
BIRIGUI;42867
BILAC;3380
BERTIOGA;16280
BERNARDINO DE CAMPOS;4702
BENTO DE ABREU;903
BEBEDOURO;32939
BAURU;161179
BATATAIS;23986
BASTOS;7355
BARUERI;80444
BARRINHA;7348
BARRETOS;54631
BARRA DO TURVO;3979
BARRA DO CHAPÉU;1796
BARRA BONITA;14361
BARIRI;13044
BARBOSA;2428
BARÃO DE ANTONINA;1439
BANANAL;4270
BÁLSAMO;3675
BALBINOS;642
BADY BASSITT;6223
AVARÉ;33992
AVANHANDAVA;3119
AVAÍ;2542
AURIFLAMA;6213
ATIBAIA;54536
ASSIS;42527
ASPÁSIA;860
ARUJÁ;24433
ARTUR NOGUEIRA;15100
ARIRANHA;3182
AREIÓPOLIS;2805
AREIAS;1368
AREALVA;3778
ARCO-ÍRIS;1191
ARARAS;47905
ARARAQUARA;95174
ARAPEÍ;940
ARANDU;2153
ARAMINA;1980
ARAÇOIABA DA SERRA;10889
ARAÇATUBA;82342
ARAÇARIGUAMA;4949
APIAÍ;7903
APARECIDA D'OESTE;2143
APARECIDA;12682
ANHUMAS;1500
ANHEMBI;2019
ANGATUBA;7868
ANDRADINA;23954
ANALÂNDIA;1736
AMPARO;28490
AMÉRICO DE CAMPOS;2627
AMÉRICO BRASILIENSE;11341
AMERICANA;87070
ALVINLÂNDIA;1069
ÁLVARO DE CARVALHO;1382
ÁLVARES MACHADO;9031
ÁLVARES FLORENCE;1872
ALUMÍNIO;4679
ALTO ALEGRE;1984
ALTINÓPOLIS;6773
ALTAIR;1270
ALFREDO MARCONDES;2192
ALAMBARI;1828
AGUDOS;15003
ÁGUAS DE SÃO PEDRO;2118
ÁGUAS DE SANTA BÁRBARA;2273
ÁGUAS DE LINDÓIA;7394
ÁGUAS DA PRATA;3812
AGUAÍ;10589
ADOLFO;1667
ADAMANTINA;16797
